[
  {
    "Id": 1,
    "Body": "Pedro pedro pedro",
    "UserId": 1,
    "PostId": 1
  },
  {
    "Id": 2,
    "Body": "twoja stara",
    "UserId": 1,
    "PostId": 1
  },
  {
    "Id": 3,
    "Body": "hau hau",
    "UserId": 1,
    "PostId": 1
  },
  {
    "Id": 4,
    "Body": "P\u0142atki",
    "UserId": 1,
    "PostId": 2
  },
  {
    "Id": 5,
    "Body": "P\u0142atki",
    "UserId": 1,
    "PostId": 2
  },
  {
    "Id": 6,
    "Body": "Mleko",
    "UserId": 1,
    "PostId": 2
  },
  {
    "Id": 7,
    "Body": "P\u0142atki",
    "UserId": 1,
    "PostId": 2
  },
  {
    "Id": 8,
    "Body": "Mleko",
    "UserId": 1,
    "PostId": 2
  },
  {
    "Id": 9,
    "Body": "Zale\u017Cy",
    "UserId": 1,
    "PostId": 2
  },
  {
    "Id": 10,
    "Body": "Mleko",
    "UserId": 1,
    "PostId": 2
  },
  {
    "Id": 11,
    "Body": "P\u0142atki",
    "UserId": 1,
    "PostId": 2
  },
  {
    "Id": 12,
    "Body": "Mleko",
    "UserId": 1,
    "PostId": 2
  },
  {
    "Id": 13,
    "Body": "Let me ad a comment first",
    "UserId": 1,
    "PostId": 4
  }
]