[
  {
    "Id": 1,
    "Username": "Piotr",
    "Password": "1234"
  },
  {
    "Id": 2,
    "Username": "Gean",
    "Password": "string"
  },
  {
    "Id": 3,
    "Username": "Krzysiu",
    "Password": "1234"
  },
  {
    "Id": 4,
    "Username": "Micha\u0142",
    "Password": "dwhufb"
  },
  {
    "Id": 5,
    "Username": "Marek",
    "Password": "chsuibcwnwo"
  },
  {
    "Id": 6,
    "Username": "pacan",
    "Password": "Pervol"
  },
  {
    "Id": 7,
    "Username": "olek",
    "Password": "kupakupa123"
  },
  {
    "Id": 8,
    "Username": "olkotron",
    "Password": "vghvgycykbgl"
  }
]